var_1,var_2,var_3,var_4,target
1.9832075293364038,-0.7097889922335351,-0.6143231440962944,-0.08457256191707763,1
-0.08524761578043272,0.8132051867479773,-1.2565068942792563,2.3313092854143664,0
0.5471598100912651,0.2668183962954019,0.42154608353656126,1.7804963979527761,1
0.817783485709701,-2.0864776583710847,0.007178466907941942,1.3185077963513518,1
0.6927227550648054,0.1435879365051602,-1.9511018640386248,1.1752590530161435,1
0.43750534028838806,-0.2116669819311769,-0.3301200939664503,1.261030093818999,1
1.8039904362574668,-1.4741321320421057,1.4288577078135674,0.06034032129795297,1
-1.487238075663662,-2.219300372747535,0.08589300629333041,0.3732917204492927,0
1.1894520883848252,-1.1840305582225594,-0.39767969361460404,1.1128262560561075,1
0.7105108356005427,0.35147990035220167,-1.372859451481064,1.573303442532043,1
-0.5397216711367581,-1.5355721232071058,0.46926758980852623,1.8462530241573467,0
3.226727518353012,-0.3409078773460798,-0.5193963718261266,-1.6991962494020019,1
0.9925422097599829,0.17847666388538974,-2.1770650464428547,0.5980030297062224,1
-0.16395080978866705,-0.9823035803773146,-0.05390484900573916,2.0418005325310506,1
1.588679166950333,0.7574951493374855,-1.0501407396021456,0.27512833835615946,1
0.04011489333600249,-0.5846177306571996,-2.0870270186020687,2.287539055290609,0
-2.850971449868199,1.321304032273012,-0.649373038321426,-2.4727177022170643,0
-0.7376252683909296,0.19358991136754436,0.26256132900192497,1.0317243675018333,0
0.3728269205809088,1.8972886947731116,1.6957228778108653,1.5329200111685595,1
-2.00131779887025,-1.7690759048891183,-0.025574312191994436,-0.7330572366089152,0
1.1487433795171178,-0.8966422273152082,-0.11066536855732945,0.8362196099491559,1
1.4150091171733143,0.18947982122108065,-1.2804555710024668,1.0416650845028703,1
0.5005184548024151,-0.0003136726117747121,1.7611881248673737,1.8485152189620404,1
0.8788890094771338,1.503419828428999,-1.5614932224418594,1.1826733696986558,1
0.3595231855628831,0.19157739619408962,0.3556689485632294,2.7189829864826134,1
2.027698447985742,-0.8449414385934964,1.0094717885959688,-0.14404825813638156,1
-1.6928551857499543,-0.08152267310164589,-0.5041798310076715,0.07926380302238589,0
0.9794479182366121,-0.22272070077660705,0.9331280723410693,0.3377786982417642,1
-0.7087806313681329,-0.6273134459513029,1.1806409124521446,2.392047122802177,1
0.3696792070404026,0.5798572852951321,-0.12951724686344077,1.6992280272482438,1
0.8734980529370167,-0.6769951384585313,-0.952316380738797,1.286118367997785,1
0.6247592179549843,-0.022278979183713316,0.2773584619646759,0.9146555156565258,1
2.89669373842663,2.3079162506161106,3.2430929695947333,-1.3173346803147616,1
-1.146990138101575,-0.19382613877280352,0.8294748419317485,0.943537459098005,0
-1.10357079757794,-1.3224579567435701,-1.3510743662080213,1.070041989881784,0
1.339217358557062,1.8071966436378852,1.4509275482792119,0.9512006769815959,1
-1.0291537517783305,1.2571492168625729,-0.4500128579958137,0.8929023715953602,0
-0.12175534635676843,0.4936548476431509,-0.524662407066803,2.4993081096822998,1
-0.5966072099854078,-1.6431888111541673,-0.10325476014904739,1.4978356741315906,0
0.7913006000997163,0.6464895377257707,0.2314459225255723,1.720871186584406,1
-0.20066842328790813,-0.7837535211244283,-0.2885486958757048,1.7907565848195957,1
-0.01814841621011487,-1.1738799644089726,-0.581782033392054,1.8780772897796685,1
-0.8432897775614686,0.9216501119244593,-0.1891203907770335,1.6343307728046814,0
-0.1909362991404674,0.6124687940136023,0.756788679986982,2.589221801797229,0
2.062139310776351,-0.15171443357722914,1.2753907379990148,-0.5493013039866181,1
1.249883052165943,-0.14896930976729691,-1.365824155415439,0.20813244191140345,1
1.552957517838492,-0.8567720938267928,1.7349365758368085,0.2719285770810911,1
0.47684684202221184,0.5483196275544987,-0.08743532877718108,1.3800006730177368,1
1.8726946828987838,-0.36920720044744615,0.8419836954521269,0.5794083178873504,1
-0.637990828866396,-0.19090379172729868,1.804348109786743,1.8252862246032149,0
-2.1560068887151216,0.4794415180860639,-0.061764199860128925,-0.8897121253227251,0
-0.42038009595182135,-0.9735461997044687,0.8071225966373103,2.231868388176398,0
0.8754269084374562,-0.35802937974698623,0.4912076654119963,0.7618720655265563,1
-0.4743185829156089,1.8876876573401904,-0.41360553342164424,1.9570563360850979,0
-0.5235780080840297,-0.9399031011088647,-0.7691423497872982,1.8510481271553483,0
0.6132182869208211,1.5886269280435958,0.14098269961206,1.152310872112445,1
3.3428640695115917,-1.9689231424160831,-0.6922503292658964,-1.7323032109758953,1
-1.2574483193009214,0.6863184569567008,-0.4070363129267805,-0.10040074221959427,0
0.37084535592888135,-0.7094410024275466,-1.371673697230466,2.2256903105884227,1
-1.778809806471387,0.058022734808395225,-0.04282338131157488,-0.4125213787172599,0
-0.91435582778423,-1.3659557112005343,0.6835693232004776,1.36783686796395,0
0.23548957179977248,-0.4159669279473586,-0.09662367001488972,0.9527544692188303,1
2.808119918169088,0.269294752580734,-0.3998990621311371,-0.6703618088797729,1
1.6997079972582507,-0.06100397185538355,0.32297450361766816,0.2566032052977115,1
0.6877406623773582,0.1704637709965709,-0.34254920085776497,1.1039444695896352,1
0.9199223895159956,0.8301918118626102,-0.772659445270824,0.8935277626497807,1
0.42618718616470685,0.8333339117803071,-0.5482687949250771,2.973442641073837,0
0.47671803492322673,-0.3150867311941086,0.8721970000729778,1.7244005270550757,1
-1.3405083282883985,0.591814133741378,0.6728612359668199,0.4716708156208297,0
0.7441726984303211,0.4430021304473752,0.041325632270618466,1.123374310783991,1
2.114299484421495,0.15805348992013185,-0.3899237065594453,0.3947576421677903,1
1.4843723156399657,-0.20661127969604665,-0.9627325652846123,-0.07077295351907509,1
-0.1952668676972511,1.0450884740847535,0.24930859564172886,2.345938236641775,0
1.0694474209983555,-2.132595626154836,0.2810092502818063,1.2699309710339255,1
0.787514266053458,-0.24066517453021302,0.25719897035592737,0.7531777941731526,1
-2.2173621045141787,-0.2950899142379063,-0.4173668136050844,-0.9845126346789652,0
-0.427222477106714,-2.205566057099069,-0.6047446645382127,1.537248961415321,0
-2.8483460788961454,1.4223698616985077,-0.5975101946916416,-2.4073607431208437,0
-0.23007672016474356,1.2446795807367868,2.9490944253087252,2.592160062874381,0
-0.08507794662362911,0.2700573583914221,-1.8206033005485172,2.359261178052075,0
0.7122540675878077,0.3958197810959231,-0.17909328501615626,1.3952371869410038,1
-1.2153844530168563,0.9413105807674833,0.19063559126502433,0.7407116588537087,0
-2.3216755551747283,0.07748051851886253,-0.9519184600222356,-0.9902431225170027,0
1.9597738720537148,1.6291663649009451,-0.965664803523208,-0.6754935708079413,1
-1.869888413084062,1.987275999230808,-1.3683150388328105,-0.249838723834098,0
1.1119985696208134,-0.736770135947622,0.5859042011646491,0.7228546479906253,1
0.1207347878628271,-0.13699548944245826,0.6789312900592783,2.4595620895999932,1
0.8425128967755204,0.8555556590207121,-0.7068925679873489,1.872592140914856,1
1.4517311748392427,-0.7331561971099966,0.44130715169924584,0.8773204952576097,1
-1.148485910587649,-0.8603850107795019,-1.907807557877391,0.17518839758469695,0
-1.4400193469309535,1.6614701657280182,-0.17585440443207118,0.7800471274991558,0
-0.948528413950235,0.4209729443893898,0.6988284202025348,1.354478771944337,0
1.019026697248208,-1.3717431292635056,0.9788895585567792,1.0531805742266735,1
-1.8684154388570886,0.32950873557300914,-0.5698329282387588,-0.6701331993626254,0
-0.8086252123809574,1.3462257562027482,0.46654531145012695,3.313863910073009,1
0.7801895680532498,-1.0753123930492379,-1.2070216478572156,0.3543307280245378,1
-0.8590257078092998,-0.4242363333980435,-0.04551224530124217,1.2613824232618134,0
-1.5618979193402387,-1.326472128311083,0.39069592092814415,0.07128151505933178,0
3.1514105672260087,1.5280313593878327,0.6715311717290534,-1.1884945362148636,1
0.03449312841439256,0.570507208354516,2.184096733380456,2.0455673188918637,1
0.42903458596193056,-0.9822940342546795,0.4535087125544674,1.9684481874714972,1
1.2127102922174469,0.41960997202411815,-0.09445871444200275,0.8429224579854607,1
-0.9136980052051703,0.6021183203924835,1.5163940552535728,0.615919588524317,0
-1.7141513895374438,0.39792704994680894,-1.0325239035275395,0.30570201903222693,0
-0.38884729313198385,-0.04541121793223822,-0.3871306497895146,2.431997812533686,0
0.14670105708230197,0.7608466543114778,0.8875039674140593,1.217086856369418,1
-2.2016885287603407,-0.6004235657387051,1.4196030045136372,-0.9779002071879737,0
0.2084877305200683,-0.20298063739565708,-1.3192471945987674,2.540817308232697,0
-0.40959257987224684,0.9262154022415924,1.42274813609994,1.5821966628647512,0
-0.461096353276387,-2.049941278577478,0.714609790636618,2.7167145129757126,1
-2.218022795381804,-1.6304732437151401,-0.18689615816198485,-1.3948188779120891,0
-0.3197171029218244,0.8232799156777053,-0.8130143722601298,1.9404367330872694,1
-0.6512109171687401,-0.31771509675623405,-0.375196380323937,1.7370162175357988,0
0.8763578829126689,0.5530400858523584,0.7751554940347831,1.584236975040232,1
-0.056455380484003115,-0.09884520123930605,0.19548173155329082,2.355981568023158,1
2.609154538039112,-0.3256110521485036,0.007880184694728152,-0.7529493628441026,1
-0.6289548971571131,0.5136144642310962,-0.8927875154918841,2.754838604278463,1
1.7136610818272295,0.12307820165618115,0.6405429350747734,0.5323039524100472,1
-1.6360138679605059,-0.9186865114860944,0.5555126463422483,-0.011768543392355113,0
0.7459945014457242,1.057368305378225,1.218194711754256,1.3616441225213884,1
-1.659833920315573,1.4558223221467665,0.4572804046152411,-0.787102788169131,0
-0.9368753691273901,-0.13737178839939665,0.8508979621679722,1.376053067825272,0
-0.8220512208645034,-0.6085897232397004,-0.8245141615276735,1.1423242714050854,0
0.768834407179642,0.14506374595938162,-2.018487864388638,0.597445885439155,1
1.7393789240209505,-0.06418416128881928,-0.3613105619672905,0.36754094275721416,1
-0.9726233330759722,0.8297324178791745,-1.2995812369275976,1.0379856802428709,0
-1.3701556864224902,1.3289333195354096,0.6220699903060487,0.26140449736044946,0
-0.5323139629555232,0.8451579711843216,-0.2788833941507565,1.588787987176863,0
-0.1557520562368475,1.5634133588321082,-0.35141423571373254,2.7536702136209144,0
-1.3163364821964179,0.3687331473175197,0.48206672733538614,0.05023614373966312,0
-0.5891832387936171,0.885231482988991,0.6255080168310357,1.7813260397979798,0
-1.0687639349500535,0.7450053128772811,-0.7188323876087304,0.6941395439099461,0
-0.02389531710679571,0.3011073391917421,-0.3596296724524624,2.7840339429607104,0
2.0290696961735115,-0.16212397547985843,-2.1961278210999464,0.11395845884792433,1
0.804077297113246,1.2302221756507876,0.3791531187261241,1.043478029661644,1
1.8302444377157425,0.7123221595801621,-0.40968659262949736,0.19575847871413643,1
-0.1907564961029502,0.996118214911129,0.13988723283912738,2.8536910690908908,1
-1.1127453454444531,0.3278795241593574,-0.12545426000290022,0.7446015610586109,0
2.312118097018758,0.14035986984804696,1.2005316584738726,-0.24523024285834394,1
-0.9982120956134235,0.5054701591666269,0.47635776935621926,1.2061235865735656,0
-0.0728642821299168,-2.1272274203514954,0.8467707752164937,2.574801696599617,1
-0.8148260328718634,0.487872284871074,-0.6414869090443096,1.2102685353828304,0
-1.0051685885690427,-0.42076179368105326,0.8868873900973003,0.273399078146657,0
-0.9695706564980726,-0.5827586576115821,0.26536234939962844,1.206564777533665,0
0.24764643761264205,0.5362909095171899,-0.06407776414871663,1.23060080611126,1
0.43677761228028866,-1.1716543473175618,0.018819049740598424,2.220578659025039,1
1.8319779996773822,0.8723153800284503,1.0294574815983573,0.2927531530486124,1
-0.3589291910750718,0.31318447386498,1.3286408282482312,2.0898081325771933,1
-1.0466646388957384,-0.2739930818293042,1.5628887685081978,1.074603750850367,0
-0.9617177691630105,0.05088770185601806,0.16476084123651674,1.32100787083503,0
0.1138542073146982,-0.19539035117702397,-0.7239903317426091,2.1795910720904996,1
-1.353953410795225,0.7505791675217656,-1.5171736966716791,0.3609846109949981,0
-0.8645543733520308,0.8545252270666157,-0.6578345538521371,0.5702044760274316,0
-1.0825609929119735,-0.9980606273144129,1.0519476177229186,0.575256508020892,0
-1.7130083066089292,2.411676675578421,-1.1302037246739238,-0.034369212992295006,0
-0.2569315594078161,-0.8170886310681906,0.0012054753622242368,1.8597803143760339,0
0.027905052570887268,-1.1119670257741636,2.620793091029975,2.486712252927573,0
-0.9353606810607836,3.9262377064363267,0.5082686396745896,0.8158627624316842,0
0.9845378821225667,0.0516609768510798,0.9583858198420424,1.2800845714765803,0
0.30689001384035297,-1.5486182988637467,-0.1767741631157821,3.1106057891329075,0
-0.870441259099916,-0.15525904882474875,0.33417641724489744,1.527573705835273,0
1.1672854687189256,0.21209335307417523,-0.1643352058853912,0.5851230729314905,1
-1.7265758479668907,0.9184544439424138,0.975816719344709,-0.03290456915471229,0
1.1790226789488527,0.73463754545933,0.6928557558178116,1.3610186876545955,1
-0.9391310104009793,0.21128369227947272,-0.6067002947652967,0.9261049327982243,0
1.473553449579879,-0.4629395120252583,1.090861670603698,0.46331529010338723,1
0.7944792267298096,0.4201915428949916,-0.9938626748348534,1.0392148920184754,1
0.18228371507437524,-0.7567639770159263,0.23278674294016363,2.1535417700159813,1
1.1403878878135283,0.13192796677195706,-0.4118233689636573,1.1506876551145766,1
0.48577970943999016,-0.6176416769336966,2.2816518365388427,1.8888530787730253,1
0.9659946538649745,1.3119837385739466,-0.29748220087385013,0.854153133677775,1
0.18847408535851473,0.32910677871012955,-0.5859276733177553,1.6867816023912945,1
1.043049750115174,-1.1140464501619933,-0.8110008636288448,0.45593034687963885,1
2.108415957842687,0.5697603571986469,0.4914294527201998,0.1632942811839453,1
-0.5914262653766327,0.9788580507817954,1.7388996637975789,1.6448545187119898,0
0.428288310616039,-0.28313889674376713,-1.1617838439123638,1.9800467141260933,1
-0.8313654127671481,1.6426729532559634,-1.1894118928673278,1.7245280707854949,0
1.568204903875447,0.7510994545073101,-1.9754877712171375,0.2429597367962717,1
1.0697065027128467,1.494938227453236,-1.7312013034449254,0.8098287845431096,1
-1.8993575368971363,-0.3695269288333586,0.22530792204094158,0.09469996580739892,0
0.44775705011444966,1.4473056993918065,0.5062409893059261,1.51895720141366,1
-0.9166151839196058,-0.21220896990115168,0.07203686128374476,1.1959839038092115,0
-1.876929782551633,-0.3519213178165091,-0.48720292119492714,-0.33388741428687885,0
1.4949318649840007,-0.8281962729652346,0.8580141953021454,0.18822473720715793,1
-2.0299384216778,0.1998104337187135,0.543479378670093,-0.3447171120162005,0
-0.1319480006378968,-1.2578681559088878,1.1927351654164144,2.2462081641236953,1
1.7957776707757374,-0.33078922432755736,-1.1036698285303692,0.5425486599115357,1
0.7648153458231108,-0.21560957856802238,-0.0070449854805546995,1.1584228593311703,1
0.6385610697890209,0.03944704824073949,0.4240668615184512,1.4697420348838652,1
-1.554349232223789,-0.2797601684958344,-0.2789629303318085,0.16863391468948363,0
-1.0043882905762904,-0.7627247785662142,-1.6075598643689741,0.45850910261109645,0
-0.3607965565981216,-0.8866809222834573,-0.838585798447231,1.4040209297881565,0
0.908043529220053,-0.5014021468856367,-1.466785190615677,1.1199386363607389,1
-1.150729012849126,-0.9571509148950429,-0.9637589262106109,0.48549126895490957,0
0.8636706393400302,1.3032780373160637,0.18106274277108234,1.659325863776862,1
-0.4361874044072108,-0.5132135664715852,0.7408243454201259,2.4690714123505977,0
-0.2284885293715595,-0.35667313417987123,-0.18315047105329468,1.5994956454595912,1
-0.13416376732504065,1.341475915530881,1.0114630354083562,2.7143942548085125,0
-1.6598983922449446,-0.3084827884558197,-0.21701705042437042,-0.29943479643763515,0
0.21129353990280908,0.32159321133923857,-1.514470309180767,2.8443150552978893,1
-0.4105606068104415,-0.08087849786546131,-0.09139955750911445,2.361786428288519,1
-1.4723730253709664,-0.5260348426675804,0.49201884799279927,0.17399229397079874,0
-0.2980457398968308,1.4015985929464294,0.4183982208886837,2.21924139325462,0
-0.8451262599497789,-0.1590452104000513,2.218780233448134,1.236695236795477,0
-0.3595787494755618,1.2361307218062179,0.9653974845911707,1.954563472497407,0
-0.9251638924042045,1.4816634024625988,-1.0589075870566005,1.231903935965771,0
-1.4718083415207617,0.21471318317052634,-0.11622904312195817,0.26967767675402166,0
2.4708174597264603,0.8107986455917099,0.6549755842216898,-0.006242147539819554,1
0.14556297611170743,-0.6946003691631446,-0.45909031021899177,2.023847522513747,1
0.6800189747323507,1.5905820726178503,-0.28438464960650933,0.9204216536284415,1
-0.6223400867630777,-0.5703513664136806,0.35250496835687956,1.4819307679891334,0
-0.6011683616561841,1.0971527117536957,-2.1533429198712444,1.8578822875069994,0
-0.4782550593327165,-0.9263811299815384,0.47363207681145447,2.309288314967619,0
0.9098449112864917,0.6227112239002686,-1.1306153349375263,4.095607805904736,0
1.415701955219255,1.631856899089109,0.20232879642280202,0.43538160038662743,1
-1.1283080684172728,0.34005129456889044,0.7903718960517113,0.29753082358998106,0
-0.2545403394372634,-0.46649537922819795,0.9965705105794472,2.428768414022404,0
-0.02461114539588327,1.2038844371688162,0.6157711497711416,2.4288172538715065,0
2.292798543917294,0.21853404241094568,-1.4152671919241875,0.021826496312641885,1
-1.7997860409509188,0.54711911517521,0.02246589281204638,-0.42966961158092865,0
-1.4083465545248235,-0.6520888885930607,-0.8476339286190848,0.8440119671009698,0
-0.8868875161053296,-0.06613261462582246,-0.4367197360405955,0.8410231273446501,0
2.1337171619549125,-0.21345677935043825,-0.3270173176097711,0.4148134118458975,1
1.3208229240006002,-0.40439742318396127,2.271449745422796,0.5934406690903191,1
-1.3579184204869241,0.14338846734225108,-0.36927713924620315,0.1895324224590077,0
-0.8037175253173879,0.9681846605328611,0.570612997219531,1.6365567579969027,0
-1.3909574099094517,0.638391925608383,-0.9006207346478687,0.5482933431334717,0
0.3093277846906841,-1.3724655478841008,-0.501784192811532,1.9294409958023782,1
2.3824831930514603,0.4373131870389607,-0.37231905293792283,-0.6265638574643693,1
-0.44284668653693116,0.681359510442948,-1.1022921498364233,1.9963436203552292,0
-0.05292573409454793,0.3636318826249679,-1.252393444413119,2.8028041172494316,0
1.076471975586149,-0.032280611049470324,-1.8400777445057528,0.9904831335140591,1
-0.10787047508668413,-0.3574454228104272,-0.19003903500149447,2.2913440820296644,0
2.199165137107194,-0.5505519317084877,0.46436986354657417,-0.24675850977771785,1
0.5711289075469977,-2.128734094414812,0.0785770297191498,1.1885343438091462,1
-0.8962751423346063,-1.0565576427602528,-0.5289777080640152,0.957586412369437,0
-0.9769134516134793,-1.2585049106753345,-0.7095798547491726,1.3250830449017543,0
-0.03124482841019316,0.5540577711159071,0.07959786237603639,2.047388555366457,1
0.3494147322997734,0.02845758118315888,-2.0650830462563206,1.4261853513515885,1
1.4714129693765676,0.1755362295785979,0.30170000890173554,0.5721680529445079,1
-1.6018247998975403,-1.7762463334664518,-0.09546424708907303,-0.19204246016598425,0
-1.1636705294330043,-1.3671378064602457,0.46320629209912306,0.9566668228853401,0
1.2252214740715681,-1.0240285908863795,-1.6826586941226858,0.15640897865946568,1
-1.232216583485358,-0.29660745906979835,-2.529560077694303,1.2865045791331509,0
-1.0584041708192045,-0.6121669171548207,-0.4835614838465371,3.210759533608727,1
-1.0741146720613794,0.30047435961082836,0.32674476460232005,0.5821695423212199,0
1.2045859001181674,0.5507975722736632,0.4080528468367557,0.43450735126875506,1
-0.47619886143587886,0.8260471714415063,-0.1314725956716678,1.8520696936818684,0
1.2103103092513008,-1.2992163634458243,-0.1131280525157404,0.6465867117264192,1
1.5715693198632315,0.18641616974404632,1.1168337755299542,-0.09315816142662015,1
-2.3574910509083655,1.2723535001067678,0.26402008133367,-0.8183874655960297,0
-0.436793453740298,-0.24702570074599667,2.0997217891665154,1.9248435352962892,0
0.23765151967668074,-1.276304416538336,0.5737444210044131,2.0169666022476314,1
0.9729128753514845,-0.6582484123338483,-2.4883273534129895,0.9864751264985087,1
0.8552911478955322,0.224216404290793,-0.5865312695639355,0.7845539950624089,1
1.0588755821555031,0.3796396483859655,0.42934082280173436,1.0678951668567376,1
-0.700409654341014,1.4484992298929262,1.1173988159024608,1.4268267351113402,0
1.2594633614594648,0.6927227551168594,0.22526411724754952,1.1189357841343255,1
-0.7559429273347005,-0.19102776260016902,-2.5623336587953105,1.419655830884722,0
1.478637502410212,-1.2551353719733949,-0.4776455826040052,0.28378206947237794,1
-0.7145254386052857,-0.3920126399191296,0.6934789119139937,1.574241549616929,0
0.10127617808016998,-0.8256536828021421,0.44477380783159476,1.042720032019737,1
0.8126948668100307,2.052972024501663,-2.929448690002268,0.5987446042855,1
-1.4386250629039243,-0.9096834169818336,-0.031058932870901952,0.42288938073698834,0
-0.9286017574460992,-0.9020515543575104,0.3764095260975166,1.003359937410539,0
0.18355301579511474,0.7640297815728595,-0.8343230454915821,2.1045481478437216,1
0.14358910845929407,0.8936976893891109,-1.1967886464263116,2.4654441525207953,1
0.587986407994769,1.063940987560856,-1.7760117540484022,1.0600389011155955,1
2.061821724095906,0.5740712208940013,1.5898389781806839,-0.34159356384118955,1
-1.1584014099275146,-0.2440804736742013,-1.0166831285764972,0.8513684987399214,0
-0.05822605750786436,-0.56060763684731,-0.12765468151819012,2.1185958053587584,1
-0.3598369225124709,-1.0211624575603002,0.9515497705740428,2.2870413969559253,1
-0.3787761154617816,-0.2666523292344148,-1.423957152450145,2.265152681796846,0
1.5362790103529838,-0.035825578706462934,-1.1115802495135512,0.2639313662116223,1
1.6199760534585854,-1.2094769354188053,-0.30085974714082625,-0.33504863327303713,1
-1.0946809949502658,3.109918556005361,1.9956674897839644,1.1433885825453913,0
-0.47995012528326464,-1.1482632887526183,0.8113965544915921,1.90783756151713,0
1.2931669810687714,1.1539007342557472,-0.41142660711600243,0.5383753090473637,1
-1.7784817205788466,0.08199555641356042,-0.7341737987784958,-0.22555259549367435,1
0.5182879170975205,-0.5293321124483709,-0.09338685889994829,1.643369058868605,1
1.7688289810476867,-2.0820987031889873,0.242882013150275,0.6686141507697099,1
0.9197828815688065,-1.5473039889383655,0.486036289417637,1.313614045226446,1
1.9678189049446604,0.47543068252662346,0.43477006455689116,0.03843184917400122,1
1.368320878362987,0.7105491022977853,1.3934545275244314,0.6467274234266194,1
-0.8311058981537816,0.10435593752321293,1.617212574968624,1.5138518860222552,0
0.02522779174298373,1.7041055162554912,-0.05240445057746945,2.664348327914202,0
1.5001057999898042,-1.8579014513982872,0.22899639245934025,0.8996471061617696,1
-1.4688362355752869,-0.8082657216409264,0.08531814256502405,0.22383702085877477,0
1.2985555915758873,0.8946471875738723,1.1947628618769377,-0.44429500773425046,1
-1.7973699144334792,-0.18452535765584954,-0.6243453897132241,-0.4146247693246834,0
-1.5221418330344023,1.5730197252148563,1.75547569831549,0.17834295940661893,0
1.7614481107149684,0.937915537510655,0.1847104747810833,-0.3885995665004125,1
0.2423240827277483,1.653617268492285,0.31952467078295543,2.4231892083394344,1
-0.8362050882468177,1.52100622715938,0.46667098196608103,1.2533464094747524,0
-1.3854926869692745,-0.6603211394734471,0.007063158628176452,0.10968148193238403,0
-1.290065569274531,0.49774308909139425,0.23007075919140207,0.3933176982918243,0
0.7569251861092094,1.3728484746765302,-0.18039168176240783,3.641478351554722,0
1.2646837886525444,-0.8320613048498566,1.991553302204734,0.8068380877129215,1
1.6122000597276105,-0.2880388739220764,-0.6277339060845056,0.8182180365672946,1
0.39583166909815803,1.0697714549838502,0.4968735905075971,1.4258062413820216,1
0.398093786916511,-0.5639474880582432,1.105900424357309,1.8126571315464668,1
-0.9690728757653924,-0.5574230531083212,0.5950294658355647,0.762344239304843,0
0.5104883641041027,-1.3158158164275071,-1.4359095238685275,0.8505939437068462,1
-1.073540143872465,0.9375701376265584,0.6592456684324051,0.972531591759801,0
-1.0938234031728418,0.9022771737866472,0.015618333949603047,0.9469988851279236,0
-0.4759499313993807,0.5517407999109204,-0.4511588584089988,2.5007908248389787,1
-1.1345175353076322,0.22054142701386686,-1.10486279306252,1.0207221755453004,0
0.10222529424024018,-0.7465783465402389,-0.20585943088034037,2.6127536605360633,0
-0.9652846969408002,0.7774073527645112,1.205994516546816,1.5673464677548128,0
2.4341222433736664,1.3313390619884031,2.1247714030169615,-0.9370495881406475,1
1.6005257586680806,1.1727568452674448,-0.9046143749937661,0.3806328407897295,1
1.7876426533152077,0.2647753109779796,2.4851899166788916,0.04739761518534702,1
1.54138089649964,-1.2284438312657626,-1.8311448783383502,0.35523358661716153,1
-1.662353439331508,-0.5309708978119645,1.9870611116994412,-0.028379908087095895,0
-1.5823364073388462,0.18384954475369486,-3.0195121558208253,-0.34243500777806357,0
-2.27123043789783,-0.409282438113104,-0.6947131310890582,-0.9171383697028346,0
-1.9187716213277728,-0.062004009366031745,1.2468917155347194,-1.1134284392799771,0
-0.5423306463718167,1.8577023435377324,1.4974316831796264,2.096769833886447,1
0.053270853416313546,-0.92951086019241,-1.8461878622380938,2.4139909901078402,0
-0.5916630785557679,-0.24149744587077882,-0.2561797524953801,1.3787863377293386,0
0.3652641799640617,-0.5152183938082427,-1.0105982199289134,1.8069906029745608,1
-1.7509996559689884,1.7952113559123222,-0.3206676255571917,-0.5237070017085339,0
1.8676128769769975,-1.5678594253654559,-0.531454551359215,-0.02973970190504538,1
-0.03066595218205226,0.13106518621584873,0.4004813865063287,2.1527053090266,1
0.9633606521045892,-0.07722104522304557,-0.6073544332122114,0.9442248576702067,1
-1.5494278580940686,0.5752050161065663,0.8903831635197862,0.20614795912527373,0
-1.1540231088656108,-0.513196364513396,1.2179591523055584,0.9874447891082575,0
-0.12879210016760012,0.35845361820962024,-0.5353350870162231,2.7261508201103353,0
0.485979303286845,-1.1410085097527383,0.6954024745502987,1.1329658178708641,1
-0.8474041424519279,-1.3260476860820383,-0.35976864578908574,0.7299128802725832,0
-0.36926219070159827,0.017613251933657315,0.2257615231117544,2.1952499523822238,1
0.13841464021088923,0.7579218499236196,-0.7309562757154733,2.4347373261418586,0
-1.655310120872525,0.02390304328495547,0.14488783309689118,0.28687955461822745,0
-1.3817749308861573,-1.100154232971695,-0.5583017539460305,0.0031388608551197184,0
-1.9957669990880282,-0.3078084711388841,0.4086073077017676,-0.5150358632410796,0
1.9963995516900406,-0.5282970466629792,-0.20252422706483003,-0.5581129542969037,1
-0.4001417735730032,-0.828497024780246,-1.6009039784765156,2.41594480411587,0
0.7543014533317438,0.4281862478105761,0.5376299029498797,1.3825425494466788,1
-2.288347103238803,1.114321694668872,-1.1808128153088449,-1.346563177913083,0
-0.7649681680584149,1.5379319184125528,0.8187776437548606,1.7031295724240825,0
-1.6281194931347711,-0.49190244750620515,1.2000789564268612,-0.2638664914181319,0
-0.47161295342178633,0.4632885301181062,0.41486550036191044,1.6806858666431967,0
-0.7160201024554771,1.4891131083282896,0.5055892418358746,2.7779135759912705,1
-1.1615907574315743,-0.0007085945766459172,-0.31305803052315434,1.2321259251052474,0
-0.47705195591510785,0.152354872033722,-0.5240883979345925,2.2095986325110304,0
-1.2841416132381411,-0.01208894784605456,-1.4511756900515589,-0.010919186468915099,0
-1.8562380954553122,-1.2575778589146163,-0.8108575112103382,-0.6362110600253605,0
-0.7385481653496726,-1.2961166642498945,-0.7699960661974573,1.2509084802227677,0
-1.5289895987545634,0.5576910607251245,1.2816437950037687,0.1323753490274726,0
-1.647966494173993,-0.5089636257074988,0.39241596717876703,0.06345185651756713,0
-1.6430131756356676,-0.6500239344068982,-1.496529255090079,-0.2559790775672346,0
-0.4987657430859902,-0.10322175293249623,0.3904648499288896,1.615755535167537,0
1.4849307060958192,-1.6873443471107104,-1.153332403205745,0.3457297490076282,1
0.5282244571789803,-1.0039573720814985,-0.9218598131253132,3.6669907741810617,0
-1.421453113865279,-0.19050310599781134,0.6404797952008238,0.30525962028740317,0
1.0817195790737197,-0.18150316213566714,-0.9951484818533795,0.9726024797762219,1
1.3698770661765907,-0.41521376790527154,-1.3495762115515322,0.9427517102338204,1
1.17537266730637,-0.12205713212127726,0.7931756882186773,0.9366246166389331,1
1.1340227832909333,-0.7121738641760436,-0.7076258948220261,0.8130751781717764,1
0.6673966778617441,1.0071333364731596,-0.9733788380270346,1.0350108774349145,1
-0.22056349724997126,-1.1300693390403578,-0.41619440488525394,2.1223315997794225,0
-1.1782439355370582,1.6744924333475373,0.4577728661518858,0.6312703709425114,0
-0.8156151287314346,0.1722543864110375,-1.1793691216326172,3.256445582995328,1
-0.07428678853740012,-0.23052462518025083,-0.7179188907476018,2.5605065359576806,0
0.4689279580142105,1.532367724678116,-0.8184286659420014,3.5673795915819566,0
0.4765724921839992,1.2496189052966666,-0.8468509661253646,1.4110039099622202,1
1.2681297688090243,0.45780560992578473,-0.12373268009975662,0.8570873228141075,1
2.0741437675089305,0.3883120054234496,0.06008599461516361,-0.31828458124977743,1
1.57548163551466,-0.08606969279089306,-2.0755880090785332,0.8533363252083778,1
3.2413526769249095,-1.7518288067517191,-1.1543626682329844,-2.1934021428291652,1
0.3635341836167194,-0.752435237353035,-1.0022170189267248,1.578079060063831,1
-1.1362809640727962,0.26348721533105957,-0.5029747705513431,0.6719215258807841,0
-1.0335472599733606,-0.6677795564688862,-0.936506374789596,1.4186583507432349,0
-0.16111714120007548,-0.31607285602704976,-0.6176518954343502,2.0959539533421707,0
1.0352367868841292,0.8496119885162131,0.14304876987895235,0.8636568530325573,1
-1.148886620496124,-0.9483480042242007,0.5972282182533848,0.7166324472383784,0
0.7546124508417343,0.1480894197982762,0.3676198402097109,0.9670416262942252,1
0.9828659499404718,-0.031203488939083975,-0.863493604964934,1.329375438895437,1
-0.11097794013289963,-0.14702542343084998,-0.5501152829365389,1.9859875347106515,1
0.5759539685147841,-1.385987942398998,1.9725421767898081,1.6903554757172943,1
-0.5679151247702271,2.6930336639804966,0.18383451632250436,1.6409734639060025,0
-1.677822860594708,-1.3631740045928105,2.0243096232868525,0.30245080520561807,0
-0.15859905591889523,0.6082461916849685,-0.9457460606967811,2.03395373714272,1
-1.3149478905622345,-0.04347694981386243,-0.22939074406802776,0.14295673793546648,0
0.9115419777469943,-0.37630072492499606,1.088769654216672,0.17620768403894893,1
1.6192577973092832,1.190548594343596,2.1650560678066024,-0.025875538318511193,1
0.5330164406301308,1.00163182520856,-0.39305275706140097,1.4946700509496846,1
-1.3140420168568985,-0.8330560570007587,-0.08059974929676088,0.5113074471435706,0
0.2411023971301468,-0.2841550979287972,-0.9858038086678267,1.8350358702017786,1
0.6876462099689674,-0.6382827265284942,-0.8319549174944512,1.8110164669198825,1
1.1723984634113798,-0.552920837367302,0.6647027453331099,1.1140575587158632,1
-1.355987146667463,0.9242701395378298,0.32782117284308526,0.36855907339206095,0
-0.8726403274666461,0.07814306296964744,-0.8162172445419648,3.2064596692356306,1
-1.1461621279322545,1.1254347844147694,-0.8696630812746944,0.785978009973902,0
-0.6566537880440624,-1.0710536796490489,1.235782191822154,1.3482955777648038,0
-0.7396352559125166,0.6979032725390276,1.4033699701251907,0.7404346746120851,0
1.6458110085514905,0.22423474453529177,1.855503314794263,0.5318136037973514,1
-1.7415719090296933,0.5532512199847837,0.17183933979353122,-0.9490609442671003,0
-1.4302034273342317,-0.6775646523356551,-1.7258067287905967,0.307710982164236,0
3.113532716088563,1.0743180127155614,0.22907468820570256,-1.5610032965132676,1
1.282455444993455,0.3099989831655551,-0.1858457521927473,0.8226526855214473,1
0.49759451868751003,-0.3780078990182172,-0.8783230771797389,1.8594612652730187,1
1.3397284974998507,1.23000057271915,-1.0263692076658921,0.5783551335325655,1
0.2643778644169219,0.16805980596682024,0.3216785413765001,1.179267610190872,1
1.0029213540222326,-0.15936223214590656,-0.45784838618248924,1.1038589525427223,1
0.27534174807095035,1.9114190871397234,-1.0708524186844388,0.9912227297058542,1
-1.398048848632304,-2.1305664798072006,0.14125714008746323,0.224000117739513,0
1.3086297817676527,0.7214793237573432,-0.7353034606819523,0.2313471591974301,1
-0.8874075279872258,1.340461051790348,1.673452090298537,1.703804739544275,0
-0.7439385613575566,2.088442772869925,1.0213832954293984,2.209427891678951,0
1.596977346687542,0.37006111526895535,-0.33912227927003874,0.0013423729126895712,1
-1.5333307318469966,-1.1376856704248166,0.6515219913395057,0.4875769249063068,0
-0.07924046536114615,-0.07595102364252276,0.9873345165891019,2.058777081843668,0
0.16766834062586433,0.15776143929376948,-1.3902219251534627,1.488194199162577,1
2.159842916465153,1.7025146581296056,-1.2693304965466992,-0.6437975166812839,1
-1.036818146207267,0.4663583744463345,-0.23401985910698136,0.6200838649617604,0
1.5750130870516168,-0.5482002981667726,0.5531491563792091,0.0838364188868308,1
-1.122151606357164,0.5346290861224353,-0.8682927318763665,0.7932431476949993,0
-0.713430905635904,-1.2207124259141586,-0.5505368494915835,1.4906556083961657,0
0.5632983483021602,-0.7191094514491859,-0.8239354869719996,0.7387876205165613,1
2.2732915119168053,-1.3554475031122892,-1.7938924978678903,-0.4196535328002,1
0.11384191085749162,2.046862195719558,-0.22247489677826537,2.210008319006383,1
0.8576142459547835,1.7963608229269636,0.5027844268951942,1.2704488373887468,1
1.2934472417398633,-0.15024298879825998,0.0731969910016945,1.0131751375362144,1
1.4868050885497919,0.10940847183297006,-1.2374266382225725,0.9487827949932107,1
1.5875521545779603,1.9351540400602292,0.5114995753618614,-0.5278199478905101,1
-0.18449221276419747,0.26125053123385605,1.2119439853864005,2.0791113564855332,0
1.1504052849173338,2.067906338163552,-0.19793772898468187,1.1784563907216157,1
-1.4585817154225282,0.10575379127148042,0.9113627221747217,0.29053693386343293,0
-0.812418380428301,-0.0350076100062359,-0.9899577925520139,3.305313384192248,1
-0.9418811598433825,-0.5057467042619367,1.9541574337502863,1.0457070527754393,0
-0.7736916517513674,0.054934110999848726,-1.2457173764463845,1.5495706056129872,0
0.7297735691923417,1.0581183250871502,0.6386601686431024,1.8365088254557378,1
-0.6624308949414064,0.6687416555925126,-0.005596018829046555,1.4574261181299994,0
0.015024861683380908,-0.3202978045366419,-2.077811819856197,1.7982483081882992,1
1.1058473707035572,0.47263034584340563,0.018016872044446585,1.1501796030089049,1
-0.10472676507559298,1.4363354057059785,1.186734620177331,2.6023688109912673,1
-1.0179976595961684,0.2873289044030093,-0.28744751940035557,0.5055143474247296,0
-0.11793322072104706,1.0383788510193166,-0.5835993263460049,2.1199206609258394,1
0.9754830147029424,0.44947391283230687,-1.1818741254208012,1.0293068663757854,1
-0.9123210594277706,-0.6475418056351592,-0.3583401520212222,1.389219246388069,0
-0.4322112799854043,-0.07576428653545988,1.0391117874202687,1.79177482482195,0
0.589193111540456,0.20438903160297678,-0.5555467794868666,1.3451853622206023,1
-1.9142310142072538,0.3161559571827783,0.3350580290841175,-0.5723895272598902,0
-1.123423788725641,-2.100026507651624,0.3676492929914216,0.7492330038636061,0
1.0616742363629466,1.8180619225578247,-0.7330329955239894,0.766060752448728,1
1.9283917979689489,0.46248362406685406,0.9603047962814704,-0.07234989508015799,1
1.6794738031294831,-1.123494033239598,3.152056734512085,0.1333287415804003,1
1.0885486554370059,0.21273977585766032,0.25866114785538813,0.7461663148402062,1
1.1251056222810443,-0.5336003064391669,0.5002404694365699,1.0267776940818156,1
-1.8193191947885317,0.40429475496169764,0.4367385517335095,-0.6192919835885604,0
-0.5234080804673791,-1.1388331177807691,0.6222071440434019,1.871722820744896,0
0.3275472246904574,1.472670675750982,0.8760467925297942,3.116290332761566,0
-2.084263407988736,-1.5166425494207911,0.29562448874709507,-1.1001975784833626,0
-0.351414311771981,-0.3340772309799405,1.1243533598705027,1.7233349777627065,0
0.7070776277186934,-0.03757064497948127,-0.08923415422144892,1.5778335422609573,1
-0.6514785480474362,0.31965182591897723,-1.7785875840065168,2.604506153282277,0
-2.16039845978491,-0.04865235157045115,0.34378788154988543,-1.4274059361102882,0
1.1557097958717562,0.2927154821418534,-1.2883076174635377,0.7346032915744054,1
-2.3209483959163113,-1.0858251288851855,-1.0872459388628026,-1.4069526832532713,0
-1.796863549774167,-0.47949296739924335,-0.4430440211284823,-0.6972355275330921,0
-0.05231969134093273,0.28872366282502326,0.7324921027798023,2.913139491978886,0
1.7507718972144954,-1.6312758154609455,-1.0385438208439723,0.9608311057815538,1
1.14480950123103,0.446872500802698,0.058984221589597374,1.4346110828863434,1
2.5935670055467517,-2.4878086565350794,1.4185313451480366,-0.8750077724501408,1
-1.0352130708681804,-0.8043157596599924,0.6295295842218108,0.7816946360018784,0
1.700648089431709,1.3863493972628433,1.1535903433169254,0.025686384570814402,1
-1.648087938120734,-1.9196731561976563,0.02538842054241018,0.31499184445154305,0
-1.5070411284118195,0.1973157074055956,0.08865759096143744,0.14102101852213345,0
1.6322430882859358,0.5156280884439565,0.9753124584779789,0.42623233718875275,1
-1.1237663660518658,-1.0021874557814727,0.04091917539572113,0.7329677265626646,0
1.335945955052362,-1.17223375343664,-1.0425776946705763,0.8868059175391387,1
-2.613877698433811,1.7586204841951334,0.2806364044901364,-1.6250782991671038,0
2.3126618186397234,0.19405194360587402,0.3207857259326839,-0.2101961336982312,1
0.10676375418288186,0.7688396759688968,0.04930833152022263,1.8717655463242349,1
1.0430533982162613,-0.9455068799427312,1.676393027208203,0.6583494118338515,1
-1.325102053105243,-1.232523314768509,0.8481742126666681,0.5389126426715112,0
-1.4443330230017704,0.849102110743144,0.6955377575657775,0.6955299416897764,0
-1.1723519003492902,-1.3526702858435344,-1.0293715081820716,0.7559452577252539,0
0.7169082569253704,-0.81240234893742,0.678946987762233,1.3533263310964412,1
1.5917599403574467,-1.222895019555564,1.9203675021442612,0.656157200300034,1
0.4744260876494244,-0.5388418561927383,0.26044226333355597,4.039773686751133,0
-1.607540246484056,1.1126883749899252,-1.5223591862178911,0.00824095667497482,0
1.6903258117741449,0.4559041951707027,-0.6065033882157397,-0.5293062611800443,1
0.1900474466780947,-1.1071568168024517,1.2960630617813962,1.7111806049489595,1
0.9754608430606421,0.4751677464953816,1.1038773433162576,0.8392272684007394,1
0.6645004305285933,-0.39622967810175985,1.2395840064415615,1.1124775158797877,1
0.855652075693238,0.8347513263248821,-1.0921636327180897,1.8505891772264915,1
-0.989721997422365,-1.0718572330401555,0.6704806172412126,1.2528191373481874,0
-0.7055369478587958,-2.120700152635066,-2.238231233324972,1.6030779314320378,0
-1.5138832646551807,0.9553005582377528,-0.8892408282283243,-0.2768548566929083,0
0.7996398526513913,1.5944423917491968,2.095843501809159,1.8371508375676278,1
1.4046539979752826,-1.9080021371233076,-0.7999405067019342,0.5744904769007408,1
-0.3423122199963998,0.3113086734428849,0.19729226563120644,1.9363586882126724,0
-0.057775337687596906,-0.1962806513879368,-1.5327005598899308,1.6331969963998325,1
-1.3787906082312058,0.2553837556743171,-0.9254246260595873,0.3161753109978048,0
-2.3752139944982895,-0.4872285641135523,0.34767648353833636,-1.5505365422665172,0
0.20789569005736042,-0.7746149700185819,1.9234457948249533,1.6618835485445946,1
-0.2629597001570243,1.4898634386020821,-0.22320225463480511,1.993419624617304,0
1.3675338945768858,-1.0513099116393445,-1.8316822472060261,0.22476088896796553,1
0.1255315010547421,-0.24852861807444937,0.23402445435314795,2.104763892104557,1
-0.9661185068515075,0.03003147916408217,-0.8617030702562581,2.9534554997577542,1
-1.50607090697686,0.501782736167545,0.1600182258527877,0.2318731755527631,0
-0.2844711193328797,0.4182057558879721,0.4258436586298291,2.187683018405735,1
-0.7370387657954424,0.09337237427665124,-0.12270893359572414,1.7095915105068293,0
0.5298011758785475,0.7760279138434754,-1.317131919946585,1.1992559530937783,1
1.8491790087886517,-2.3161438629688766,-1.1996975283653082,-0.2868009359989321,1
1.5375987593422205,-1.9685042134380537,0.03471374875256186,0.9619872509710325,1
-0.29342476445929355,-1.3122191934314063,1.0817667276728287,2.3925653715149067,0
0.015559842473279573,0.3614173172731029,-0.7296024698074095,3.069437122457376,1
-1.8326942639820014,0.01914777741575206,0.42588720619303577,-0.28197041642499143,0
2.4436591263562066,0.5221425459339358,0.9784221120280351,-0.5015595100031129,1
0.9684312829640628,0.11137260184005242,0.03402741107223205,0.4603756018524364,1
-0.07281571652659835,1.0235306441853447,0.1566937282465246,1.9041148885470447,1
-1.2036946206432544,-0.21804589539237385,1.80930634973311,0.425217307636112,0
-1.5877041309624067,-0.6122367345077503,-0.33130838318332273,0.44310856688014777,0
1.1514938589556816,-0.7284616216803428,-0.37185788227866556,0.552720485488746,1
-1.5723132562867332,0.8872908372667421,0.8691560643892732,-0.4969894841724869,0
0.12658871485166245,1.2292147842970504,0.1786947168104756,2.081715992226305,1
-0.8621285334594961,-0.07159925185806683,-0.29396694766418224,0.8078211541760084,0
1.853070504496311,0.5212799050138145,-0.7146806769904318,0.46895492411236794,1
-1.7813503548420953,0.1941076309533577,1.1797252083607102,-0.6161902694366161,0
1.600473756721964,1.0269862633197322,0.2125740306322149,-0.28323972178167933,1
0.02757499322466017,-0.39352985596972884,-1.1195461283831687,1.4980468020547817,1
-1.4976015523806756,-0.7157599891107518,-0.06717829004935526,0.45139599424576116,0
-1.0592216535017203,-0.5495402745955349,0.9153902755601617,1.0612144018005065,0
0.0812548700106146,1.6406145634882874,1.362562852712452,1.6433679390386269,1
1.570528461930627,-1.1780408673763807,1.1834936668899279,0.6267620069597128,1
1.6162564454223025,1.0613709648731335,1.1008213984226052,-0.005794922139523928,1
0.26296125521983227,1.32579664754219,-0.09363618873917084,1.56021163689221,1
-0.7188536232576331,0.6256309336460009,0.5522999376795232,1.6498918065366892,0
1.5288660946763386,0.4243939378610126,-0.7955570679408823,1.0957625247696887,1
-0.7194720036131173,-1.7073579575929467,-0.5358014630522978,1.4442988647974393,0
0.7836848085119897,-1.0158788269899783,-0.9933586995819507,1.4954989817216728,1
2.3214071845649915,-0.8852486861242225,0.31635832153614474,-0.6743248534848132,1
2.726798379230037,-0.33638694541113623,-0.26265952031616774,-1.101432657255729,1
-0.061169969564023985,0.01840163078343813,1.7549330716472415,2.743038183316278,1
-1.397694664395366,1.1695899924277735,1.0473177066214483,-0.10322983772227468,0
-1.24099287190245,0.5225141052657575,-0.8304444065565653,0.7204986716735162,0
1.074810576703046,-0.33286040438251124,0.31745326125017514,0.5066296155290249,1
-1.1176384902071619,1.1210306673244714,-0.8224199323822006,0.578909247843144,0
-0.3647696246395056,0.8925973382993092,-1.9701038177118355,2.1650045550284305,0
1.8113886889926714,0.6952029000839993,1.3705361439967134,-0.6202813168358485,1
-1.5269271148855488,-0.25495579355369785,0.5488838353173644,0.2182371543774343,0
-1.8332825137071214,0.4547409121411344,-0.03361256470371301,-1.0777652390471872,0
-1.1650829760362373,-0.4853058353678683,-0.742484232538384,0.702331766110575,0
1.9360789679038963,1.1918993344135729,-0.7393714074590363,0.0797090831959979,1
0.9153977750720527,-0.7280770978553212,-0.3600392687569827,0.62515476671256,1
1.0583320000356702,0.41644603810145264,-0.36146276669398575,0.6494028334208878,1
0.8878157815731406,1.6554071130882952,1.0487071264165635,0.9906144401848342,1
-0.9824506341196394,1.7193779062072967,-0.6058608207588934,0.8301224249698667,0
-0.7192361346300222,-0.9175028210142636,-1.1225448062444139,1.3670257533123937,0
-1.053927247218195,-0.2634482160822491,0.0953441994413082,1.3986110155778169,0
0.8537777178827337,0.17775010626803134,-0.5258796758952039,1.4989185152571238,1
-0.7021484230546897,0.6031874310823431,-0.3286184757489846,1.4872583579048542,0
0.7221709302001227,0.3076126681891964,-0.14037505890533644,1.1230543990575175,1
-1.7809805217264016,-0.19646658342809717,-0.5164296438875717,-0.523746349205839,0
0.7866040128464135,-0.8049664808525608,-0.1115088271429437,1.6846305930199832,1
0.23184856351938832,1.0706105599791862,1.649480894323921,1.6951729537118658,1
0.5068661053121628,-0.9425580057918763,1.669069525826331,1.6290147360917442,1
0.17290961552094575,0.7181857257079345,0.7153813154412441,2.5047044597110597,0
2.100621574442887,-0.9645377949101913,-0.2798103423770061,0.3980800236285956,1
-0.7467466743527843,-0.5391227031489786,-0.6078752606758179,1.3114286176245078,0
0.8381693718417871,-0.9478927172689863,1.897767016745977,1.6796627157396502,1
-1.722207305518225,-1.2932729578711637,0.7197579421481819,-0.06867483702845978,0
1.4538142236426517,-0.10633700253131496,-0.18144906924751675,0.54901995748347,1
-0.6330693709409423,-1.1896666590903613,-0.6353623888256293,1.6834876715809672,0
-0.5948683991968735,-1.042044412243103,-1.2032008553891445,1.6136444231141807,0
1.5164503985156428,1.0819848092499422,-0.7798529462216388,0.7323947735047001,1
1.0417442148031828,0.42544486418417227,0.18517553682991406,0.7606491792396692,1
-1.4029157387336137,-0.13427916218630415,-2.438817158276429,0.7896780521634139,0
-1.233970276033551,2.0895387216947734,-0.835142901630023,0.9615886164783967,0
1.8889741276221677,1.8296202017160872,0.8929538701087693,-0.2779152995637122,1
-1.9491098337243498,0.43295982536069616,2.4267164863455224,-0.6616841041972843,0
-0.2090371703386802,-0.8671302157109003,0.8250982646676347,2.304900640665805,0
-0.3084678369525228,0.12354769595558233,-0.5923559556520536,2.017150024795102,0
-0.6261390082514864,0.4620608932518965,-0.46440426230938764,1.5045390229679054,0
1.9200414930407885,0.13429649724779288,1.1701987091966037,0.13258192556582238,1
1.0595646549641546,1.279464931657751,-0.8638829605897661,0.9497475834386241,1
0.8627878451586084,1.6284685547723217,-0.9647054257507148,1.1449382673735489,1
-1.6902523408293644,-0.8318222082304447,-0.9161919154812425,-0.12676068179249134,0
1.8049080678206344,1.1013229577357622,0.4441983272906719,0.8372335939507071,1
1.6549106012678028,-0.5244481362626519,-1.6566232076777738,-0.01266326472960122,1
1.1629847020478286,0.4875602970867186,-1.1761733365547806,1.0558948996884394,1
0.0476040797585513,-0.1581538443723203,1.0126374096440718,2.0559555305506785,1
2.392912268284819,0.0976703767483354,-0.856498237409199,-0.7980406636204382,1
1.9280758530155069,-0.43112556957509907,0.7828737349485725,-0.13871778688857694,1
-0.1761661247729157,1.4313667818311835,0.33385996656853467,2.3188691917710997,0
-0.9019682375636349,-0.0635245746153551,-0.8000385643976464,1.0807581306021654,0
-1.554125758219425,-0.4516594761596227,-0.0739475656083926,0.5080129503625342,0
1.2305249882946805,-0.4124138182164804,0.5861658003927833,1.0200644120583506,1
0.0042618285356310626,0.5820265670847269,-0.6967718184295749,2.5450125489292033,0
0.4001201322272663,2.5115565515844236,0.3467099776049199,1.205470511548027,1
0.5258574427274154,1.9412174364637491,0.6654168236917787,1.4777379588585244,1
-0.7991780274114646,1.2958717818630143,0.09806753953894455,1.3239694786978722,0
-0.38118590449532563,-0.09184476433495513,-1.4990159604584012,1.6825295820861945,1
-1.7175883899216204,1.5334337012963255,-2.211861911329507,-0.2542499243546361,0
-0.4952328260814274,0.664927162301741,1.5301951988633513,2.7321366381362573,1
-0.40213010534762383,-0.3748220566218061,-2.9069882193216414,2.7908872520535155,1
-0.656519457221657,0.03793783544760203,-0.7632861041785816,1.7359815935319727,0
1.161966309697337,-1.1022697404558555,-0.39719531614598763,0.8810172839759947,1
0.1508051458660692,0.05119790188108534,0.04522270899998256,1.6946073827142971,1
0.3056480976179986,0.8201581867554845,-1.1430193120737286,1.5459895710677445,1
-0.44162575086267153,1.466540859278603,0.6870657958589163,2.695364220185789,1
-0.6777561384428159,1.0352493347237526,0.8901984111247868,1.7252670919977067,0
-1.18798449315223,0.46217266608194285,-1.5981243518837476,0.5666100643538297,0
1.316643578961129,0.47004418736820214,0.4322629506341555,0.1776709240510428,1
-2.091305485094431,-0.4997301761516306,-2.7475048427252347,-1.4412902217711858,0
-0.2863810268496767,-1.1062935124116342,1.1356201471829441,2.0643138596865276,0
1.5923392396499958,-0.5321685631271895,-1.2926253471522626,0.04230812029079756,1
-0.2200819148314348,-1.0150941918278686,1.5805406865683735,2.4630427506163417,0
1.512914301595613,0.2579759812211809,-1.548960525053475,0.5201543882468503,1
0.8756933848100065,0.4809080927488954,1.1818910929599615,0.9763544630235641,1
-0.21214085593827237,1.5337277099164992,-0.6292633936927887,1.9683241537102663,0
-1.3535091583842611,0.547264797377967,0.4818660617184915,0.6872880813278267,0
0.35702517073477635,0.9040175547613144,0.2243396567780826,1.7834731223014595,1
0.5003047577353434,-0.9943493746085122,-0.22859991534001858,3.1586686652676663,0
-1.5607392489504122,-0.28487549336967083,-0.4911537471421047,-0.054252978094023074,0
-2.1473348414520004,0.0036956718478473255,1.9625871905307948,-0.770714770139368,0
-2.3432181827107477,1.3814540786904865,1.7495839042054206,-1.5027788820483297,0
1.0652250448645606,-2.2168188393540644,1.2795186697601588,0.9735462836545767,1
-0.792629827658416,0.5723903111756757,-1.2931415437586478,2.9568592783059593,1
-0.8013517813491682,-0.3570292008066094,-1.5178737466808094,1.0770379305017208,0
-0.6016824762329607,1.7246966497611085,-2.0841129394985884,1.2170823048684372,0
-1.8987328686289664,1.2389463529394373,1.8005111815108537,-0.32822260598234854,0
-1.408573833439576,-1.6065771007386793,-0.43676423723821745,-0.1024968071584611,0
-1.6122799781857864,0.40865281148067084,-1.77623523289832,0.1171538976036196,0
-0.11043896464923297,0.33868731792169,-0.1421465369405461,2.189730972955501,1
-0.4251026811493983,-1.44964521969853,-0.08343796979036086,2.1394226761082256,0
-0.7187176913525118,2.3638724946193608,1.0729780477660118,1.200430234775976,0
-0.8782419343667973,0.5581395145185063,0.04351466864346608,0.6124972133899952,0
1.1875597769279294,1.197246923645228,0.42548993324023027,0.48863782022752766,1
-0.5029882941839044,0.18142662011397137,-0.4561208274741882,1.5321860820007223,0
0.931911108083747,2.3200407220172594,1.1218578562304709,1.535297281185362,1
-1.240742297293575,-0.7666565877833479,1.9925153531681183,-0.3929404121290565,0
-1.1962464129121548,0.003375506597160999,-2.6357477390168778,0.3192634458373459,0
-0.4888760151203482,-0.573601772896901,-0.3540407109410238,2.2678116913293414,0
0.7188195333573997,0.9134737320174066,-0.41222074502447015,1.4373966004685064,1
1.063149705004844,-1.3367254388759306,0.17528677893392386,1.3647559262427504,1
1.7851640645428222,1.1464408704007276,1.259233239786799,1.1951842698660298,1
-1.214578879428316,0.8141517621182666,1.8325570434792018,0.7516621908534571,0
-1.908471697303418,0.271495310825648,1.0176614668435024,-0.5606166770328271,0
-1.6838334138493318,0.7906255991627686,-0.684629825760004,-0.014996963525107265,0
0.3787500885531725,0.13906039865341766,0.861636124497944,1.555500767230034,1
-1.596094266195463,-1.308820399119112,1.360658595838651,0.4419032712157951,0
-1.6822670873486696,-0.15083771156669531,-0.46580556911816284,0.21627251667565628,0
-0.5856628377995774,0.7890566873755189,0.7045065398247231,1.564724488160934,0
0.5372911946557926,-0.387099702474401,-1.0917008761393143,3.5100522607817815,0
2.5160619821185,-0.059415181272494094,0.9495945713644882,-0.42183661776272396,1
-0.23505286794610103,1.1401490385212665,0.49822174849678513,2.5147010286350295,0
0.3799551870438852,0.5835443030118876,1.0417246640588513,1.6414870643580772,1
-1.8698837442399925,1.090980425185967,0.38680852068920263,-0.37394986593680724,0
-0.5192106180149005,0.6897078052451944,-1.2922626951056186,2.275501935457494,0
-0.4247906717097816,-0.8372624310497003,-0.5888668267386961,2.215882530590609,0
-1.3453845704888683,-1.148794035158656,0.6793732829565033,0.10421661576425156,0
-1.2106486455218335,0.6012067489291149,0.0005279588565972928,0.6645530289635567,0
1.7969705302568788,-1.5457297866907331,0.9137716213855857,0.20274853814418214,1
0.4020408866572627,1.3183023248526693,-1.9093560875072928,2.0395865043616257,1
0.9812153698264983,-1.1952937635992447,-0.07744346072599365,1.3492644390102815,1
-0.5000372789828114,0.2773769379581917,0.05993263026632825,2.069355998815184,0
1.1155304995299027,0.3616610612470166,0.5320061988219431,1.1437008454929065,1
-1.119227230550703,0.08568716140335904,-1.0138959522925377,0.9920572539713065,0
0.031983367041050315,1.2748750412787222,0.8970661968871322,2.358784098164914,0
-0.9213513551025968,0.8876554258738361,0.5345056484805503,1.121313648830862,0
-0.21804341391758053,1.5192839236417688,-0.9077561801469204,3.0495737396744325,0
-1.4643761988330037,0.651136241823657,-0.9958153947902291,0.03034800528206949,0
1.5288292444662992,-1.8831502080585838,0.7127120288613313,0.32442632978432595,1
-0.4703466916809891,-0.8610879101735704,0.4097627959594974,2.037133608272105,0
0.9984600029000047,-1.0496554989099411,0.5681032051286461,1.138715586358472,1
1.1360195361270635,0.1825010305992134,-0.04489303012253698,1.2035521537055005,1
-0.20229071296301981,-0.2716551103260533,-0.5466800845872654,2.197423517562875,0
1.8250481003303474,1.4526167454861794,1.0651719657143865,0.3611547110581439,1
-0.5737259296310815,0.006799844559997769,2.0236062192296393,1.525373577770973,0
-0.05539700449901619,-0.7582820688875902,0.19502498402812674,2.7026387334878175,0
1.2986865437153479,0.24300472205439969,0.9500158286696456,0.40707636537665715,1
2.029821951739326,-0.9878733409007492,0.2837510236615011,-0.2051856093322344,1
-1.521779781741786,0.6197114459661363,-1.876552706041874,0.33360213422692153,0
0.5206638570289182,-0.6028206557839616,-0.099094300241269,1.2626935467669742,1
0.00514185482898688,-1.869816339532164,0.45060341286253885,2.425567383703501,1
0.5268793609766624,-0.38852077518300926,-1.8697416996954206,1.7058791057280465,1
0.15215429364770672,1.2235688824186275,-0.053120653017545344,3.174435701003125,0
-0.8530983005115202,-1.3354815690998914,0.5565531245337582,0.7391910058896227,0
0.8168612898259693,-1.433151814524712,-0.14994071907910936,1.5574688902719038,1
-0.35993169018288174,-0.8514064342603136,-0.22979963057519381,2.125089501749118,0
-0.256818716411368,0.4215866106144557,0.6659242520544614,2.1531752835087667,0
0.6971337549596908,2.212531039397242,0.16048962397348007,1.4265154519092906,1
1.2193657318701963,-0.45209033283308037,0.8823330623234091,4.048934452872356,0
-0.8391209019756237,0.19894814679649453,-2.6042138566271342,1.7485040184185174,0
0.938605478658466,-0.07566560432583026,-0.07397286359437803,1.3311527499930687,1
-2.252640130066954,-2.0038623644067535,-0.26451484131061076,-0.9013528790152574,0
0.9360793700436599,0.29815846599052565,0.6032475005713938,1.3396819345658437,1
-0.49510680182692357,0.21539650545628794,0.7682072166317373,1.5331749305470002,0
-1.0599935208841123,-0.5482872964906009,-0.15589817793666752,0.8369301311546608,0
0.3007691051987187,1.4532606633210343,-0.23086637384476896,3.4026908928470307,0
-0.39223142758914376,1.4872461553359273,0.6820520657126199,1.9039761359712624,0
-1.393374520438263,1.0237095461069814,2.012270445700765,0.11554652059909265,0
2.362005851184681,-0.535316712567659,0.4961991873633163,-0.8948291573162102,1
-1.7540906782533239,2.98525900260341,0.17521141890851205,-0.26499503229814003,0
0.5189116286549103,0.36414029605466136,0.1493634822711889,1.3969982158819432,1
0.8803043679897155,-1.2935076252040958,0.07125374991089249,0.7221114867289739,1
-0.42983028272441526,-0.234407800316322,0.2942241290134937,2.5286818659820653,0
-0.3385452381008076,-0.12372894627483615,-0.3828171896129687,2.10797749033721,1
-1.0537244094615992,1.2289805024890619,0.5348173363459102,1.12961323921304,0
-0.7453660696249551,-0.06418817710849775,-0.19469729611668168,1.5211105812074446,0
0.5994218352037074,-1.066234931899225,-0.8153756283161211,1.4388463089666281,1
-0.47257121797632107,0.2658782296520485,-0.4700421477595015,1.5726032915277872,0
-0.99671833146067,0.15519068385897913,-0.32789471651291785,1.5057644651471884,0
-0.4990346162170156,0.7318707042882956,-0.3294477863470914,1.4105586330575002,0
-2.002718054734891,-0.9266983088473107,-0.41299782214343406,-0.43259545274560995,0
0.09403381666803623,1.3554428011054958,-0.9162741005637249,1.7491592909146223,1
-0.2853163412388504,-1.0196643386921156,0.5646059258936003,2.3649881690465375,0
-0.6510470177992905,-0.05020461704174478,-0.29967664800678706,2.1407464725491185,0
-1.5351050902907912,-1.503080301759818,0.6504500925361392,0.10182593664914252,0
-0.5009842519340435,1.0305805856240573,0.5107920885275947,1.8030344488662595,0
-0.6819335760310199,-0.9242331442683044,-0.23040071420576733,2.18165049385669,0
-0.9747314281310905,0.23070090571868349,0.020886488295961788,0.8598404415133152,0
1.191995683463591,-1.2549226680022925,1.0074439731951985,-0.11448158980864354,1
-0.2453102428611087,-1.1171864617070024,-1.9670697035871523,2.025209969480381,1
-1.1253676516957385,-1.5648027713620551,0.3496500472996937,0.9340329951153928,0
-2.654948735495452,-1.962625691672579,-1.008554684076208,-1.8259229783007758,0
-0.27440301532062694,-1.5642416117110514,1.9764405845154855,2.2781207798206196,0
-2.253022133997982,-2.296180953137238,-1.4438548161335418,-0.8510118407494305,0
2.042994198909982,-1.060605066396601,0.05225849049748321,-0.2667564041187602,1
1.315101072740325,0.7719201548366751,-0.17280173739646437,0.7365153820589369,1
0.9089778264976688,1.3305749040390402,-0.7801991291174627,0.6057350586852855,1
-1.1945731522158316,-1.3810446031537749,-0.7859860326349823,0.8971580470906664,0
-1.4298185491212128,0.6170059495766975,1.0599363840466218,0.8664057663716855,0
-1.7663527242096237,-0.14778031881747153,-0.5081401976473109,-0.613853928249096,0
-0.5409698353978326,0.5142547560178349,-1.5311075025557221,0.9684204319145273,0
-0.6457268075847866,0.7307641190665245,-1.2111719292807812,1.7620398539807152,0
0.46007901996398837,-0.006521315229458062,-0.20149153394751798,3.7233733662162365,0
0.5071866676238797,1.3522026788671444,-0.524567013767051,1.1328989144795885,1
-1.709960027099618,0.7846042878980238,2.412615421612916,-0.019400438480524196,0
0.4047471726857428,-0.3975577654917214,-0.9701242603796436,1.5511492737747208,1
-0.5535895667602382,-0.6327550298850391,-1.542801515209646,2.272175207827172,1
-2.173031296849823,0.34233783448962146,-0.33513778117145177,-0.8420747819346539,0
-0.7718408070258103,1.8486088332964115,0.6855077387902041,1.435674592257413,0
0.01825077733826974,0.12617790366196718,0.6820694900626313,1.791058145460222,1
-1.25773312019218,-2.9911359709007233,0.08520944963390106,0.405341317854482,0
1.0249752480826768,0.8282296901846228,1.6087808557343735,1.6373755229283606,1
-1.5503853904096085,0.8595878869798019,-0.5495571359085801,0.24395234540485766,0
0.8496297460124913,-1.8800100339077637,-1.5350402475323597,1.6306849819785292,1
-0.1029391758297532,-0.8254105299789551,-1.085150526557798,1.9890762793383572,0
-1.019832030943554,0.8539759765522237,1.5541604207147741,0.622465468835925,0
-0.05109279267832112,-1.2845842656999693,-0.7170161491279362,2.333653220238171,1
-1.645847166646649,0.06934433703625043,0.20726732939894396,-0.3376975416874608,0
1.2185236572942888,-0.7908993816675531,0.7821300015314592,0.28237725064896857,1
0.8499215481821013,-1.5975991695954321,-0.9245641143780999,0.8306684488058662,1
1.3675913791517427,-1.2390527025266425,-0.10343122429028392,1.0038539105232365,1
-0.3680421647850928,-1.405189846803575,-0.04889718347410554,1.8899883550994319,0
-0.18600135316252442,1.0075136898369221,-1.8665399513606162,2.3421850723244075,0
1.4198226805332246,-1.7931064525345768,-1.2644984069549656,0.5014584229802235,1
-0.975311694969462,-0.9600462952794637,-1.6548874362282961,0.7695890005638151,0
1.8465735417563844,0.33802348110170816,1.2769653860881878,0.8587084895006994,1
-1.6564994643508877,-0.8463159774657358,1.2637066776546686,-0.23836775957279022,0
0.9910948718144107,-1.7476365098282616,1.7120402840178925,0.48817515656331767,1
1.6329225127583646,-0.15129922023252232,-0.36550593698526584,-0.29988222251682295,1
-2.3003326934435107,0.9854496856152184,1.5781180575621845,-1.2935758985247485,0
1.1175624748383965,0.44921872128503426,0.19042388992505774,0.11906269545351522,1
0.26845229561131845,-0.23655528721894603,0.9321915642603847,3.266414682005278,0
-1.115610436462733,-0.7584953347000695,0.03279699541158651,1.1166249657566503,0
-0.4922738463871612,0.5885532697707198,-0.42924442029866183,1.8131538401577794,0
0.8217699167505067,0.8764556455029355,-2.1523835446091804,1.2987240447945456,1
-0.8250893155906289,-1.2392583948534726,0.6354180302092264,1.838533844572007,0
1.1223982928049143,-2.6031370878272986,-0.3021805869826214,0.7217319146079249,1
-1.3850120443786826,-0.45730165508679,1.2374381346841392,0.5964542302387477,0
-0.20831931839804085,1.3883377782084478,-0.5262478565174211,2.3157023910209813,0
-1.6147641552881242,-0.2346205699574138,0.8584511166566653,-0.2999299153456989,0
-0.26784225589830246,-0.7282722024066131,0.5059655534558652,2.4230152757535808,1
-1.0496082937895288,0.019616657693989903,0.4384757388097273,1.263591602036151,0
0.5833825935567997,-1.889649292096153,0.3111099911431952,1.2156947869454475,1
-1.01908404841085,-0.8950698422766047,-1.1755946056248516,0.9675619326777498,0
-1.2339184066139168,0.996858773465808,1.4641772387524374,0.5494718936367324,0
0.6753051222969229,-1.3993061748019415,0.49986412374037137,4.138715401007325,0
-1.2321196064553905,0.6683404887180808,0.5987943895619102,0.44113184799763205,0
-0.44789258699727086,0.606850593215671,0.4200944904518413,2.0264241871528132,0
1.5401817906347919,-0.31030770538490365,-0.9680457585102453,0.2976254465907241,1
-0.710028385013016,1.7473631979155582,-0.9489165208248372,1.5029045412836504,0
-0.10295009834497093,0.6686548047579066,-0.1755639454992155,2.2183924355491613,0
-1.0074195591366388,1.4104591452035038,0.08382662792936094,0.826233382459991,0
2.7875196574570222,0.5904220612514635,0.7313802525749924,-0.6877200885944139,1
0.8631426702881617,1.3035079319347591,-0.97536602727825,1.7108398553082935,1
1.122508282345224,-1.611567359102828,-0.3464265060068996,1.036196692070106,1
1.5216147923978813,-0.32669621318636405,-0.15032046027187207,0.4579960573702875,1
1.7452139244362737,-0.23950192202174977,-0.09294420661358828,0.4376493380115476,1
1.5231368280455397,-0.218653277435036,-0.4545477187434442,0.23564727268678898,1
-1.9176788950772405,-0.22954865536034708,-0.6039806259692295,0.1578021240807168,0
0.2515030893669379,0.3405892164004968,0.5514762752395233,3.3375478866072896,0
0.6287092487622605,-0.41361566562964275,-0.38769991640856116,1.6249166848622698,1
-0.30874753275579514,-0.6315777291653314,0.8953554307625996,2.2948463117675733,0
-1.0648631130568043,1.4524675344707454,-0.4532484090230134,1.1797498565687592,0
2.0326727395604456,1.78179890877106,0.7356219972457467,0.145561818689657,1
-1.4154713928180962,-0.9539394193966448,0.014273067836434106,0.38111758859685474,0
1.9195109459595392,-0.16563141031763223,-0.5938114080687051,0.6572849898740151,1
1.4909718853007794,-0.048088507330772585,0.8155010224442626,0.4124238436683414,1
-0.07504439369178406,-1.1476913898156673,0.32405702822156063,2.777259088489589,0
2.1590341224197096,0.07715649621771674,0.4283166923752375,-0.1540731624483207,1
0.5287991015324536,1.2906444609225471,2.01527511046064,1.4698179972030574,1
-0.7507353199240089,0.820344012612456,0.2531652380379812,1.5570930837620032,0
1.511026952612009,-0.24268127681203333,0.7060789138151315,0.5629128523600715,1
-0.7912998244203004,1.6850142787085094,1.230874513154735,1.2968746650510785,0
-0.7783280588508132,0.4631847952675847,0.2965755451407618,1.65728971714861,0
0.2781543551158918,-0.7557915001583629,-0.1942691319785193,1.5932587848877995,1
0.9195159966883728,-0.7597031174802871,-0.782003492511037,0.8910715674280624,1
-1.8481534038859015,-1.405567019178642,-0.370508098590029,-0.14391514441215203,0
0.38877514964665194,-0.3220281544920584,1.6147787907098514,1.7682068627935945,1
-0.2660718761012639,-2.4932708203300775,0.5027448074908146,2.1247153625774065,1
-0.3962929374926891,-0.08371795984921201,1.191707497107065,2.5995722529896486,1
0.7738875843265183,0.8890371222798921,2.2724347204468818,0.9528074556662713,1
-1.7836562723448124,0.8178896580250287,-1.5537587660160643,-0.0053346021018549905,0
1.0392524046865041,1.9532591375265682,-0.7090209576304904,0.7538447116607991,1
-1.3583601269875207,-0.6256772874962124,1.0964692338108837,0.36480965510242047,0
0.19180718577822797,-0.4081008391602206,-0.8953463223630241,2.6328182327509664,0
1.0392408804863809,0.47154238041820573,-1.7710685530880912,0.3601954605938118,1
0.4030840569595039,-0.47126374070251964,-1.6891830379672617,1.4530845486096964,1
-1.8818782032224215,-1.1308884353259157,2.0565435648295414,-0.022229683470258443,1
-0.9410899064935757,-0.1344967844017327,-0.039307287627631186,0.8446531712263988,0
0.5685288508085817,-0.8369207037962799,-0.9163209190734197,1.395785849622902,1
-1.6008395944038178,0.8902475008365087,-1.091933900395313,0.21843962415248475,0
-1.1697135575747704,1.6259589153620633,1.904136589573007,1.0937577821718136,0
-1.3974648498715276,0.7789365035121141,0.4395012306202264,0.19163257169924774,1
-0.45771611177239424,0.48387665118803974,-0.5312142946075985,2.0696700005335233,0
0.09259485742593432,-1.0147594931858521,2.0860470495371137,1.7981235341135813,1
-0.7480673787913792,-0.6172531865469232,0.8389405004696122,1.0862199879982517,0
-0.19274867746907653,-0.6905410523162594,-0.7837656655863965,2.6144909943868946,0
0.9255406788606987,1.1373145423647293,-1.1533505105959594,1.1141253321453304,1
0.7246366340427188,1.7031726099180378,0.9955815140020298,1.2258132455943267,1
-2.2277914401356123,-1.92767257934561,0.39379729821625153,-1.1329141569221277,0
-0.9902185341514397,-1.0040545968420103,0.34980002456790754,1.004611130394563,0
1.1035581715938378,0.3131321400131553,1.3764964500195378,0.26451500202120704,1
0.4516387975964059,-1.2790307362197864,-0.27999330187447974,1.7139388332493555,1
-0.767020525312111,-0.49163618563204736,0.20965941527462578,1.5228492600950738,0
1.152627138233051,-0.03901951937754412,0.7793490039053323,0.8833865853198014,1
1.57099976868977,0.5925672738473307,-1.3668583632808264,0.4433652024281062,1
0.23348484323617358,-1.46752526575244,-1.2391070756539009,3.1030896985820156,0
1.2852989889674908,-0.6141225650083162,0.1455211977682408,0.12929933146392214,1
0.08058123773960724,0.15946250680412918,-1.2172826922204794,1.970871252154811,1
1.9823583486226797,0.15697296096843422,0.6102161695892225,0.4712927850557441,1
2.57357334320176,-0.6113852473886282,-0.5806483025539511,-1.1197328395478614,1
-0.33704769150384817,-0.6619821777966091,0.18970616761039566,2.1141893018824085,0
1.1729212322503246,0.2514736089405121,0.38897872935218375,0.7392730582467824,1
-0.45798209492275554,0.03444101170584135,-0.5098066931908826,2.3975538580839117,1
0.44746820964757417,-0.8767737812118448,1.2208212988130478,1.2509211313552768,1
-1.4712452652790784,-0.6897277740641738,-0.01383774609423725,0.5346439810327663,0
1.897281259634224,-0.9040682897360003,0.19613145902390733,0.1528561622585709,1
1.082269437159305,-0.5892716517893062,-0.002403840918853844,0.7408066137103887,1
2.9684647339980827,1.8904406851557827,-0.7316317389085281,-2.201780625395645,1
-1.4295364618861037,-1.167779551267935,1.4769344261182744,0.04259294468115837,0
-0.7949961614338408,-1.151014083619507,0.241321934916781,1.5094725307967074,0
1.0543247866040322,-0.8729610904537004,-0.21566763754763232,1.2611068866847095,1
0.07559317759882067,-0.336254738681072,1.1590740649558977,1.9972849401721549,1
0.19394571353784462,0.33260751032419755,-0.5717460419560614,2.332642349686143,1
-0.1602749160053183,0.4826878872092127,0.9218015019772522,2.7853153603165626,0
-2.004765639194919,0.24395319790850026,0.1733416643704082,-0.7350059205544515,0
-2.242622991227689,-0.2515388860444957,0.7833905092825955,-1.3422374680150129,0
-0.8496756824825775,-0.18319661872038787,0.6067230591361827,0.9651136521705533,0
1.236965109915969,-1.60027110450371,-1.388542553831211,1.028689209742896,1
-0.37494974876555776,-0.25885440036983165,1.223083067095325,1.6900505937642043,0
-1.6039184219213132,-0.20447122098612153,0.38632331781156,-0.052554316413834457,0
1.9197247466827143,-2.5322460852196853,0.4359753895000459,-0.16805747905248758,1
-0.8576285655286473,0.2502002062516945,-0.3839712719523516,0.9313447673644043,0
-0.20235933517634885,-0.7893385057196743,-0.4519493719118777,2.367700074637832,1
0.10796775981596896,0.7396531517246714,-0.13939720066323416,1.5304400992026475,1
-0.32577871373183,-0.062191016999311004,0.5720574417141441,2.06361641641668,0
0.323806079082974,2.7596600389110777,1.0602099074988798,3.126615560173865,0
-1.386583303077613,-0.8627757640431206,-0.47883745600840416,0.35551029729614536,0
-1.1506542305314325,-0.009300321138614417,0.00020706491819709385,0.8203737652631378,0
0.832505226519299,0.604120889588518,1.0683793336940164,1.3077324222071698,1
-1.3161003778895117,-2.246889333984605,0.8484308822052846,0.5166381564596004,0
-0.8621636774962669,-0.6163614080394775,-1.2601647651725802,1.1153170399697956,0
0.030670205658274607,-0.36650702036805183,0.9514492770580866,2.6479283106927824,0
-1.2720296088833842,0.24650477843200488,-1.111457956937032,-0.02732101412407606,0
-0.0429593806080204,-0.8028244439508423,-1.5769964821909972,1.558923637363038,1
1.1878113491488744,0.07287409801551539,-0.06468860503251848,0.9295651408995782,1
-1.9574384670977232,0.2522403964266774,0.09175248444837286,-0.754406799818248,0
1.4768158563260299,2.042076040143744,0.10343812930810638,1.1384837469715223,1
1.29354965784028,-0.13006029355362003,-0.5561187467607805,0.12358842896382971,1
-1.0018655901927926,-0.8484286341908146,-0.03143917037477642,0.8517139732934287,0
0.31473975920967967,-0.06863404608546861,-1.9122549754197768,3.1387547175068353,0
1.1767540532688836,-0.09791524644290406,0.5222506360177785,0.9095739946686162,1
-0.27273648048671073,0.5844129804724842,0.10589445311523424,2.7425153610803337,0
-0.4489446715981311,-0.4114931445621802,0.07268052432934134,2.946332984200831,1
-0.26242509025245897,0.45768658605355206,-0.6068651778571754,2.0768359529101628,0
-1.4845582716510317,0.38961417737090387,1.8709651753717822,0.1704532273604299,0
-1.571055474873945,-1.2376624223272978,0.4822489526806572,0.3581900866066794,0
-1.258639718769403,-0.9811655311396816,1.1941094030473725,0.6006931453484822,0
-1.7999254876465363,-0.9244659881295544,-1.703871586826719,-0.6970694823950112,0
0.20074543633290087,-0.9379255765363989,0.33855287628591424,1.9529333310872135,1
-1.2591541893450184,1.5111549302473475,-0.12754912037753421,0.7845339091519097,0
0.7078054025065561,0.2078025073533134,0.8407344821295493,0.5470813613283014,1
0.07807960877460884,-1.3971181851129912,-1.28716356858425,2.169893816720969,1
1.4065013286361312,0.8394685045184047,0.5333592447054494,0.49645260636165445,1
-0.8648946738977541,-0.49757083838520716,1.0018248536819372,3.046565196929669,1
0.9600395505053374,0.4512253193185082,0.9003985883950636,1.0282019858548284,1
-0.8819982132455969,-0.2628908292082677,-0.01926037973439464,0.7841423349400325,0
1.8716855546154827,-0.9181269834165748,-0.695694877197064,0.05064256679205725,1
-1.4403703499770941,0.04977368718096008,0.5006657213812097,0.3347093857135527,0
1.8361072353603674,-0.18256897437954112,-0.49693202511797824,-0.03918920444232632,1
-2.4042349674093773,-0.17435425790283585,-0.02355215087423812,-1.3981914930656956,0
-0.9327314972765395,-0.6497652268482671,0.8745170741325226,1.3440932289918308,0
-0.9666175117446729,1.4436320034688142,-0.493122822399772,0.4767965174978759,0
-0.27150661237355755,-0.5647740041709423,-1.3776175007542373,1.8785563551946218,0
-1.390460761129454,0.15175799224874037,-0.31984752325484395,0.5160355762797952,0
-0.7564299137719788,1.192507512477975,0.6802161054504494,1.6678578531639956,0
-1.316600680463156,-0.8798143535020543,0.5628808601743548,0.7230596714439057,0
0.5868379385942637,1.0587285298838789,-1.6685992588781953,0.865132557699815,1
2.722265624651129,-0.712220763649051,-0.8810683366612923,-0.9647063704761181,1
1.3688878390669803,1.2189707897936632,-0.05658848889989584,-0.12526515430550544,1
0.6761194390685231,-0.8342818100346248,0.5152943216244674,1.3549787923253733,1
1.3761341530778883,-0.9797212247168068,0.4581681147886987,1.5139103093726858,1
0.9558874998947408,-2.025807873111377,-0.41790954576589057,1.0988070273747133,1
-1.1598151305746298,-0.29983819627488056,-0.24338397937501807,1.2234486568067857,0
1.4403869523943977,-0.39568071175626385,-1.2021495260760888,0.7683282605138986,1
-1.8691920179786692,-1.7858664919341112,0.5731278132412001,-0.35445946711797616,0
-1.3622984938459957,-0.6355578414044034,-0.11676591579524663,0.3985190302921928,0
0.8700665316604678,1.2788658133133932,0.22228985580085406,0.6569723305657236,1
-0.7624731316697761,0.47240627788037737,-0.9564363768180087,1.2237531083945927,0
0.013238367412808816,-1.4068150094975382,1.3254321090950785,1.919635760842755,1
-0.8802512364514726,0.45838670355148425,-0.6373077470287948,1.0770602391959063,0
0.9493420861776466,0.000682818957482628,2.049812095785926,1.3107606171038073,1
-0.28903871485253085,1.1945922205137307,-2.1899217049785533,2.467375485299275,1
-2.3359019698615446,0.7215625051261435,0.30381859560487573,-0.8470938180872885,0
0.2427744615563039,-1.3480471119401671,-0.37058276240078286,2.3760596910832463,1
0.5493868446429374,0.5827375831738644,-0.6220348055543814,1.5710886281206773,1
-1.4626830971562637,-0.1627929060722942,-0.5441140021141926,-0.3111470104000653,0
2.062500365947697,0.5913492417584003,-1.3957892021924851,-0.45494463551849607,1
-1.4425438777682404,-0.39247110606087293,-1.6394841625254342,0.2081397554848312,0
-0.7663775082761325,0.18474057889572446,-1.6076610271180587,1.3654447314161406,0
0.883038565072508,-0.4482246163001494,1.2528426344274837,0.7712749636728289,1
-1.3297480843993186,-0.7725687487562407,-0.3494393272169559,4.00945541871083,1
0.19768290416971712,0.37976763604089603,1.2376537575119981,1.752474878650907,1
0.6535700748184214,-0.8505352787470439,0.6030946849488336,1.3771866674338031,1
0.1304299037947778,-0.7847619081277034,-1.0896330373423884,2.7556436767393295,0
-1.3284545207176586,0.4720022709192744,0.49968511030293383,0.7026230971217622,0
1.535352502532186,-0.463161362085399,1.2002617497388293,0.6010341786957325,1
-0.41835896958940744,0.4625912928539512,0.6663125009092119,2.177373846989344,0
1.7117830770839084,-1.479444223139724,2.303638752104789,0.21216982876010426,1
0.2987819140311223,-0.4501892648514116,-0.13944627568099954,3.7740834717841083,0
1.0851801605958884,-1.422974925261673,1.036087651046256,0.9027058606863418,1
1.1605942641538305,-0.01109200394860206,0.32208231076698546,0.49291265381930227,1
0.4160154228511024,-0.3020454994898642,0.6791427754381955,3.4329732221897196,0
-0.4117432590001089,0.04600274725327412,-0.23811043631205406,2.354454674958589,1
0.7477034899898574,0.36064789143579495,1.643378155804534,0.8909091726462619,1
-2.1240810227794884,0.26028050658288615,-0.413465161123276,-1.3622487705583657,0
-1.3353815180342203,-0.8192578597214978,-1.345870923473215,0.40306798760137985,0
0.37349468981269296,-1.7863754653546866,-1.6380290574360168,1.8203374525324056,1
0.42052990813637947,-0.4711246518178786,1.0826910538870733,1.4778081432981613,1
2.2839600115979675,-0.4030759890650308,-0.6749340187905523,-0.8960128980369981,1
-0.8027730109208991,-0.181224173218103,0.7441919714999368,1.450922829444633,0
-2.19075816415641,-0.30372602877666466,-0.6581164890752567,-0.8459202695652885,0
-1.3456868264005946,-1.2417605754816243,0.2577525401427507,0.5816725800226001,0
-0.06773554183729347,0.38298898474092846,-0.38502181171286365,2.1229833426204685,0
0.5366302453819412,1.451001438131336,0.33085130461557777,1.6810375012351075,1
-0.5690379498011335,-1.097302527632844,0.2167755637626291,1.6427001668520886,0
-1.1022578326905346,-0.20931381957936157,0.6833289928110694,0.8895407621512165,0
0.07567840766174805,-2.390304367469438,-0.5969742867210739,1.9490373628227702,1
-1.2996543865132324,-1.879924385139045,-1.5859833122379583,0.3692337146668969,0
1.1152970874119978,-2.1056469418403245,0.9778155496862003,0.872125462112761,1
-0.4600462751148251,2.8684030556667683,0.012499321907250335,2.7490104753826086,1
2.975581974403263,-0.22747625995340778,0.3361449630262288,-0.7460435919404302,1
0.4546543258688889,1.0715431522348857,1.6999573745763805,3.686266643640332,0
0.12951157613107223,0.7597122954841684,-1.8179792253871547,1.8420722490989363,1
1.6849616375194572,0.7211353625455816,0.8814075289235711,-0.16501271970028442,1
1.3266263231334183,-0.16036008104483077,-0.049029340838036735,1.215065857998467,1
0.9804640913452523,0.7441857103150346,-0.23596998721097162,0.7199139226153158,1
1.274275538632203,1.3845320475939062,0.2525688459966235,1.0042217671401326,1
-1.456011753125576,1.2358116200069387,-1.1165244399486591,0.10382214816304547,0
-0.8062288040008667,-2.832155598110569,-1.5193460754768424,3.1652393506208725,1
1.1157429930056484,1.1717179147161596,-0.6701152004542329,0.8497184063089935,1
-0.6189749461937376,-1.3303136257389898,-0.8987840483231282,1.3822944444738203,0
-0.41824624820181333,0.8743891807127275,-0.47622087354465903,2.0743281907388913,0
-1.6508940330341917,0.6929186230316111,-1.3386057997232488,-0.502772041843816,0
-0.598465024096408,-0.4555395260238707,0.8691545924968965,1.7725898018674202,0
1.7116558866777134,0.5825713188088052,0.6928575842374367,0.09308147650687382,1
-0.39122715819511356,0.23940450053537707,-0.580053241370043,2.2182097912438015,0
1.440466396344688,-0.6342858476894031,0.5964411375817527,0.07931471347355645,1
0.3526037978459331,0.17682087213939798,-0.7217375533372533,3.5450500788810837,0
-0.6778324236196049,0.35561334878566,1.484116028535965,1.100931135462403,0
1.871016485544645,-1.0773760769847582,0.8794170411374032,1.0865059725189479,1
1.2523751601888202,-0.26764109089879357,0.47347189903522846,0.39128888869761147,1
-0.8389916724085583,0.6045153263553668,-1.2504077339697175,1.0593322399969467,0
1.3932273254190397,-1.3327773974796497,1.2495049007061587,0.6189316431488039,1
1.059848199215605,0.3631156277445234,-0.6082265074447593,0.8355641362576897,1
-0.5668260742472845,-0.3135296861723979,0.3674816654743044,1.5954931246680557,0
1.9146271573374785,-1.4769249275319014,-1.0973683189710666,0.17165174051472365,1
1.9124325073777388,0.3123782104665717,0.3733485597113982,-0.3731272297199575,1
0.1163080760107491,-0.1873290184063747,0.29219272832637316,2.632577045652984,0
2.278741319209818,1.5232386217122582,1.667224111551137,-0.9780444348237882,1
0.7858071102135791,-1.0257526836402773,0.216624975404619,1.1144300535168354,1
-0.3868472589620704,1.5490201514951873,0.1018562952619867,2.2505196493665633,0
-0.2543228269318336,-1.342127748485115,1.3995946451457935,1.9047725537868265,1
-1.9311880204083456,-0.3212427661179117,1.7388513518533313,-0.777992994893205,0
-1.0052102336423139,-1.4485914146335441,0.03823799496002834,1.683052297095669,0
1.217911467119198,0.08669769941439658,0.347561613803552,0.36809567372539953,1
-0.7863509203499403,0.0341524174880246,-0.6757080791616118,1.4594182658003843,0
1.4165482363645572,0.04693490206036963,-1.9782252493748103,0.1515404741857772,1
-0.5960245763146422,0.3891591956679287,0.3721054726068629,1.5069052117585975,0
0.263976984964007,0.2869558543017087,-1.270061088712032,2.2257691689862393,0
-1.6058346839887725,0.7426824183597224,0.07595526791608741,0.15633884358113836,0
2.4035699482513984,-0.8903178480198718,-1.8437935834807457,-0.20926860275994952,1
